"","filtered-16s-taxonomy-tables60","filtered-16s-taxonomy-tables70","filtered-16s-taxonomy-tables80","filtered-16s-taxonomy-tables90","filtered-16s-taxonomy-tables95","CRUX_unfiltered-16s-taxonomy-tables60","CRUX_unfiltered-16s-taxonomy-tables70","CRUX_unfiltered-16s-taxonomy-tables80","CRUX_unfiltered-16s-taxonomy-tables90","CRUX_unfiltered-16s-taxonomy-tables95","greengenes-taxonomy-tables60","greengenes-taxonomy-tables70","greengenes-taxonomy-tables80","greengenes-taxonomy-tables90","greengenes-taxonomy-tables95","silva-taxonomy-tables60","silva-taxonomy-tables70","silva-taxonomy-tables80","silva-taxonomy-tables90","silva-taxonomy-tables95"
"Correct",0.908888888888889,0.895555555555556,0.873333333333333,0.833333333333333,0.815555555555556,0.228888888888889,0.157777777777778,0.111111111111111,0.0822222222222222,0.0155555555555556,0.488888888888889,0.402222222222222,0.226666666666667,0.157777777777778,0.124444444444444,0.768888888888889,0.764444444444444,0.76,0.757777777777778,0.731111111111111
"Wrong",0.00666666666666667,0.00444444444444444,0.00444444444444444,0.00444444444444444,0,0.0733333333333333,0.0333333333333333,0.0244444444444444,0.00222222222222222,0,0.0911111111111111,0.08,0.0644444444444444,0.0466666666666667,0.0466666666666667,0.12,0.0933333333333333,0.0933333333333333,0.0755555555555556,0.0666666666666667
"Ambiguous",0.0844444444444444,0.1,0.122222222222222,0.162222222222222,0.184444444444444,0.697777777777778,0.808888888888889,0.864444444444444,0.915555555555556,0.984444444444444,0.42,0.517777777777778,0.708888888888889,0.795555555555556,0.828888888888889,0.111111111111111,0.142222222222222,0.146666666666667,0.166666666666667,0.202222222222222
